{
    "1.3": {"n": [4, 8, 12, 16, 20, 24, 28, 32, 36, 40, 44, 48, 52, 56, 60, 64, 68, 72, 76, 80, 84, 88, 92, 96, 100], "l2": [0.10830584143632518, 0.03196207530394995, 0.025074550480400214, 0.022837145207866488, 0.021448092538902418, 0.020395248399346092, 0.01953912049198362, 0.018818487397318697, 0.018198509208968292, 0.01765656440429884, 0.017176865228553845, 0.01674788614072587, 0.016360943313430108, 0.016009334217071083, 0.015687783629761854, 0.0153920711633629, 0.015118772493000325, 0.014865074820610068, 0.01462864239081873, 0.014407516650310157, 0.014200040915481755, 0.014004802716452467, 0.013820589097312002, 0.013646351556918946, 0.013481178264002048], "h1": [0.8120528133699917, 0.3814162705398822, 0.2574112293995758, 0.19799246089976355, 0.16294590205132384, 0.13975226641297303, 0.12323023763501792, 0.11084153913179576, 0.10119402786970752, 0.0934594415651916, 0.08711369277921843, 0.08180874020148197, 0.07730426574815645, 0.07342891563502878, 0.07005717257908158, 0.067094961589469, 0.06447036616256849, 0.062127454517671384, 0.06002160080520916, 0.05811885207732179, 0.056388666552811335, 0.05480925333392392, 0.0533604053331401, 0.05202674496055692, 0.05079323709229324]},
    "1.5": {"n": [4, 8, 12, 16, 20, 24, 28, 32, 36, 40, 44, 48, 52, 56, 60, 64, 68, 72, 76, 80, 84, 88, 92, 96, 100], "l2": [0.10722436406044095, 0.021899160178410215, 0.009140871408694164, 0.004988945786500268, 0.0031350992519393697, 0.002149701494875845, 0.0015644502193870968, 0.00118907486355955, 0.0009343552974737778, 0.0007539196779948547, 0.0006217168242953084, 0.000522190896709525, 0.00044558448414435255, 0.00038552352480689475, 0.00033769949941169484, 0.0002991139469789034, 0.0002676268974159331, 0.0002416771450837793, 0.00022010352663177953, 0.0002020275971272789, 0.0001867747413780518, 0.00017381997543852796, 0.00016274997480225705, 0.00015323598724963, 0.00014501418497828194], "h1": [0.7921198121227857, 0.3520638265166947, 0.22741224873689592, 0.16837260270345525, 0.13386719658581941, 0.11120574811126746, 0.09516980727830003, 0.08321701349978781, 0.07395971899506656, 0.06657586396210147, 0.06054726840447794, 0.05553099220819504, 0.05129097213092986, 0.047659361333116886, 0.044513527049750944, 0.04176177289024712, 0.039334153162824195, 0.03717637857570063, 0.035245663300511834, 0.03350782932927109, 0.03193524121169512, 0.03050531313911792, 0.0291994022778064, 0.028001985330317898, 0.026900029563426027]},
    "1.7": {"n": [4, 8, 12, 16, 20, 24, 28, 32, 36, 40, 44, 48, 52, 56, 60, 64, 68, 72, 76, 80, 84, 88, 92, 96, 100], "l2": [0.10719975692457827, 0.023213079978126563, 0.010541108074974678, 0.006370052576752188, 0.004473377911392938, 0.003438338735401544, 0.0028021015898512646, 0.002376675583309751, 0.0020738894533863885, 0.0018478361824886154, 0.0016726226741608536, 0.001532685180032824, 0.0014181703139876023, 0.0013225646941431863, 0.0012414029739281258, 0.0011715270761336724, 0.0011106427009147442, 0.0010570436957529571, 0.0010094350645189097, 0.0009668159974478797, 0.0009284005714990601, 0.000893562746098209, 0.0008617974247424174, 0.0008326923769734134, 0.0008059076465374949], "h1": [0.7961232078046179, 0.34945214005008485, 0.22397697843237566, 0.16489163195013615, 0.13051567508645154, 0.1080232554918387, 0.09215731824499826, 0.08036384803502587, 0.07125226024796899, 0.06400056462163045, 0.058091655085738984, 0.05318392412650152, 0.049042619415170366, 0.04550108528439146, 0.042437735488732406, 0.03976177941987856, 0.03740405064704105, 0.035310929360399666, 0.033440205766631856, 0.03175819773025395, 0.030237700278809034, 0.028856499705165174, 0.02759627883340839, 0.026441798351450437, 0.025380276253874786]},
    "1.8": {"n": [4, 8, 12, 16, 20, 24, 28, 32, 36, 40, 44, 48, 52, 56, 60, 64, 68, 72, 76, 80, 84, 88, 92, 96, 100], "l2": [0.10779930796640098, 0.023211316180022142, 0.010416665855263976, 0.006194793477816617, 0.00427130366647873, 0.003221339260317766, 0.0025770917440275255, 0.0021479376027205006, 0.0018441426477410596, 0.0016188223128903282, 0.0014454553991468438, 0.0013080678242961073, 0.0011965349953192176, 0.0011041627725964867, 0.0010263646876642345, 0.0009599013401753083, 0.0009024239498233166, 0.0008521901534301801, 0.0008078812729411274, 0.0007684814579441351, 0.0007331957270191955, 0.0007013931281683484, 0.0006725665234254041, 0.0006463036162528413, 0.0006222657295613586], "h1": [0.8051380418481188, 0.3529512274510377, 0.22595496844010934, 0.16619772956368553, 0.13145458707362928, 0.10873535066529683, 0.09271762900177917, 0.08081667630872567, 0.07162570185819409, 0.06431342580503215, 0.05835706729418337, 0.05341137356065807, 0.04923915335106715, 0.04567206322657601, 0.042587315349764183, 0.03989324266496727, 0.037520025928641565, 0.0354135501211274, 0.0335312236981824, 0.03183906600325749, 0.030309635628591156, 0.0289205294429357, 0.027653276928412112, 0.026492513464062038, 0.025425353760275108]},
    "2.0": {"n": [4, 8, 12, 16, 20, 24, 28, 32, 36, 40, 44, 48, 52, 56, 60, 64, 68, 72, 76, 80, 84, 88, 92, 96, 100], "l2": [0.11150227059493133, 0.023211460229959773, 0.00997547817927462, 0.005649556908271754, 0.0037009354404095862, 0.0026522227725781764, 0.002019687241742223, 0.0016065899386208244, 0.001320478147443935, 0.0011131519287437496, 0.0009574294297057805, 0.0008370074987002098, 0.0007416093727734262, 0.000664485854293302, 0.0006010491451355461, 0.0005480877897372573, 0.0005032961254337039, 0.0004649818547706386, 0.00043187851666722627, 0.0004030218698299617, 0.00037766640092025107, 0.00035522769343551843, 0.00033524186810961556, 0.00031733653321318263, 0.0003012096412315738], "h1": [0.8351615508966823, 0.36614081275983423, 0.23413489715586638, 0.17205669616029637, 0.13599064931372573, 0.11242205580194463, 0.09581513214571363, 0.08348260070889041, 0.07396249321218243, 0.06639128217684018, 0.06022611686996412, 0.055108618690653845, 0.05079266045519295, 0.047103610075324306, 0.043914128961002975, 0.04112917771249637, 0.038676386222890054, 0.03649967517763102, 0.034554916453033185, 0.032806910524646175, 0.03122723703288342, 0.029792697752733827, 0.028484169851449616, 0.027285748609449833, 0.02618409780187639]},
    "2.2": {"n": [4, 8, 12, 16, 20, 24, 28, 32, 36, 40, 44, 48, 52, 56, 60, 64, 68, 72, 76, 80, 84, 88, 92, 96, 100], "l2": [0.11877878634808771, 0.023923519093373223, 0.009972212422359948, 0.0054749646772425204, 0.0034745707785485257, 0.0024113911774859506, 0.0017782982683911147, 0.001370286723849725, 0.0010915574461899359, 0.0008924322332383603, 0.0007450417280170273, 0.0006327572854487475, 0.0005451519576550873, 0.0004754145372262189, 0.0004189404807694693, 0.00037252482929635533, 0.00033388000681127544, 0.0003013371034372145, 0.0002736549224065809, 0.000249894509607616, 0.00022933468451824827, 0.00021141392781951003, 0.00019568962102213379, 0.000181808953920654, 0.00016948782594269945], "h1": [0.8782143720411228, 0.38499437854860197, 0.24596753622074458, 0.18064212828734197, 0.1427166672581251, 0.11794654678994781, 0.10050039890878638, 0.0875489986501042, 0.07755387614566095, 0.0696066806388682, 0.06313657855450475, 0.05776682842117678, 0.053238757885264866, 0.04936887486937506, 0.0460234066624684, 0.04310252928011024, 0.040530241222993965, 0.0382476575595229, 0.036208448396377435, 0.03437566223771712, 0.032719467345540744, 0.031215515830182568, 0.02984373896872666, 0.028587446718735414, 0.027432645434068585]},
    "2.5": {"n": [4, 8, 12, 16, 20, 24, 28, 32, 36, 40, 44, 48, 52, 56, 60, 64, 68, 72, 76, 80, 84, 88, 92, 96, 100],